"First Name","Last Name","Title","Role","Region","Sub-Region","Email","Employee ID","Manager ID","Cost Center","Work-time %","Billing Rate","Contractor","Employee Type","Position Status","My Custom Column","Custom 2","Custom 3","Custom 4","Custom 5","Active"
"JaredJyoti","Shockcor","","Consultant","USA","NE","anotheremail@email.com","12345","12345","",100,0,"Yes","Employee","","1","","","","","Yes"
"Walter","Reid","","Data Manager","USA","NW","wr@test.com","69825","","",100,0,"No","External BP","","3","","","","","Yes"
"Sidney","Mackie","","Data Manager","","","sm@test.com","","","",100,0,"No","Other","","","","","","","Yes"
"Ray124","Moore","","Data Manager","","","","","","",100,0,"No","","","","","","","","Yes"
"Philip","Bruce","","Data Manager","","","","","123 - ABC","",100,0,"No","","","","","","","","Yes"
"Nellie","Adams","","Data Manager","","","","fake_email@gmail.com","","88998",100,100,"Yes","","","","","","","","Yes"
"Myrtle","Mcculloch","","Data Manager","","","","","","New Test Cost Center",100,0,"No","","","","","","","","Yes"
"May","Clarke","","Data Manager","","","","","","New Test Cost Center",100,0,"No","","","","","","","","Yes"
"Lulu","Harvey","","Data Manager","","","","","","",100,0,"No","","","","","","","","Yes"
"Louis","Watson","","Data Manager","","","","","","New Test Cost Center",100,0,"No","","","","","","","","Yes"
"Lottie","Sweeney","","Data Manager","","","","","","",100,0,"No","","","","","","","","Yes"
"Harriet","Edwards","","Data Manager","","","","","","",100,0,"No","","","","","","","","Yes"
"Georgia","Mckenna","","Data Manager","","","","","","",100,0,"No","","","","","","","","Yes"
"Francis","Kennedy","","Data Manager","","","","","","",50,0,"No","","","","","","","","Yes"
"Edna","Irvine","","Data Manager","","","","","","",100,0,"No","","","","","","","","Yes"
"Della","Barr","","Data Manager","","","","","","",79,223,"No","","","","","","","","Yes"
"Claude","Wood","","Data Manager","","","","","","",100,0,"No","","","","","","","","Yes"
"Alex","Shaw","","Data Manager","","","","","","",100,0,"No","","","","","","","","No"
"Ada","Nicol","","Data Manager","","","","","","",80,0,"No","","","","","","","","No"
"Susie","Evans","","Medical Writer","","","","","","",100,0,"No","","","","","","","","Yes"
"Stella","Morgan","","Medical Writer","","","","","","",100,0,"No","","","","","","","","Yes"
"Patrick","Mckenzie","","Medical Writer","","","","","","",100,0,"No","","","","","","","","Yes"
"Olive","Gilmour","","Medical Writer","","","","","","",100,0,"No","","","","","","","","Yes"
"Nora","Buchan","","Medical Writer","","","","","","",100,0,"No","","","","","","","","Yes"
"Minnie","Aitken","","Medical Writer","","","","","","",50,0,"No","","","","","","","","Yes"
"Michael","Wright","","Medical Writer","","","","","","88998",100,0,"No","","","","","","","","Yes"
"Lizzie","Baxter","","Medical Writer","","","","","","",100,0,"No","","","","","","","","Yes"
"Lawrence","Watt","","Medical Writer","","","","","","",100,0,"No","","","","","","","","Yes"
"Jessie","Maclean","","Medical Writer","","","","","","123456",100,0,"No","","","","","","","","Yes"
"Jesse","Mcdonald","","Medical Writer","","","","","","123456",100,0,"No","","","","","","","","Yes"
"Jane","O'Brien","","Medical Writer","","","","","","123456",100,0,"No","","","","","","","","Yes"
"Jane","Doe","","Medical Writer","","","","","","123456",100,0,"No","","","","","","","","Yes"
"Grace","Collins","","Medical Writer","","","","","","123456",100,0,"No","","","","","","","","Yes"
"Etta","Tait","","Medical Writer","","","","","","",100,0,"No","","","","","","","","Yes"
"Emily","Jack","","Medical Writer","","","","","","",100,0,"No","","","","","","","","Yes"
"Elizabeth","Hay","","Medical Writer","","","","","","",100,0,"No","","","","","","","","Yes"
"Carrie","Reilly","","Medical Writer","","","","","","",100,0,"No","","","","","","","","Yes"
"Alfred","Simpson","","Medical Writer","","","","","","",100,0,"No","","","","","","","","Yes"
"Otto","Gordon","","Statistician","","","","","","",100,0,"No","","","","","","","","Yes"
"Mabel","O'Donnell","","Statistician","","","","","","",100,0,"No","","","","","","","","Yes"
"Lydia","Mcewan","","Statistician","","","","","","",100,0,"No","","","","","","","","Yes"
"Luther","Sinclair","","Statistician","","","","","","",100,0,"No","","","","","","","","Yes"
"Leonard","Jackson","","Statistician","","","","","","",100,0,"No","","","","","","","","Yes"
"Katherine","Mclaren","","Statistician","","","","","","",100,0,"No","","","","","","","","Yes"
"Julia","Morris","","Statistician","","","","","","",100,0,"No","","","","","","","","Yes"
"John","Doe","","Statistician","","","","","","123456",100,0,"No","","","","","","","","Yes"
"Jennie","Cook","","Statistician","","","","","","",100,0,"No","","","","","","","","Yes"
"Herbert","Ferguson","","Statistician","","","","","","",100,0,"No","","","","","","","","Yes"
"Hattie","Alexander","","Statistician","","","","","","",50,0,"No","","","","","","","","Yes"
"Fred","Young","","Statistician","","","","","","",100,0,"No","","","","","","","","Yes"
"Fannie","Buchanan","","Statistician","","","","","","",100,0,"No","","","","","","","","Yes"
"Eva","Rennie","","Statistician","","","","","","",100,0,"No","","","","","","","","Yes"
"Eliza","Webster","","Statistician","","","","","","",100,0,"No","","","","","","","","Yes"
"Edward","Taylor","","Statistician","","","","","","",100,0,"No","","","","","","","","Yes"
"Edith","Beattie","","Statistician","","","","","","",100,0,"No","","","","","","","","Yes"
"Daniel","Henderson","","Statistician","","","","","","",100,0,"No","","","","","","","","Yes"
"Carl","Macleod","","Statistician","","","","","","",100,0,"No","","","","","","","","Yes"
"Allen","King","","Statistician","","","","","","",100,0,"No","","","","","","","","Yes"
"Warren","Mclaughlin","","Modeler","","","","","","",100,0,"No","","","","","","","","Yes"
"Susan","Hendry","","Modeler","","","","","","",100,0,"No","","","","","","","","Yes"
"Sarah","O'Neill","","Modeler","","","","","","",100,0,"No","","","","","","","","Yes"
"Roy","Bell","","Modeler","","","","","","",100,0,"No","","","","","","","","Yes"
"Nancy","Ali","","Modeler","","","","","","",100,0,"No","","","","","","","","Yes"
"Milton","Cooper","","Modeler","","","","","","",100,0,"No","","","","","","","","Yes"
"Maude","Mcfarlane","","Modeler","","","","","","88998",100,0,"No","","","","","","","","Yes"
"Kate","Thomas","","Modeler","","","","","","88998",100,0,"No","","","","","","","","Yes"
"Julius","Jamieson","","Modeler","","","","","","88998",100,0,"No","","","","","","","","Yes"
"John","Smith","","Modeler","","","","","","",100,0,"No","","","","","","","","Yes"
"Joe","Graham","","Modeler","","","","","","",100,0,"No","","","","","","","","Yes"
"Jim","Smith","","Modeler","","","","","","",100,0,"No","","","","","","","","Yes"
"Hannah","Laing","","Modeler","","","","","","",100,0,"No","","","","","","","","Yes"
"Frances","Weir","","Modeler","","","","","","",100,0,"No","","","","","","","","Yes"
"Flora","Richardson","","Modeler","","","","","","",100,0,"No","","","","","","","","Yes"
"Charley","Burns","","Modeler","","","","","","",100,0,"No","","","","","","","","Yes"
"Bessie","Findlay","","Modeler","","","","","","",100,0,"No","","","","","","","","Yes"
"Bertha","Donaldson","","Modeler","","","","","","",100,0,"No","","","","","","","","Yes"
"Alma","Macpherson","","Modeler","","","","","","",100,0,"No","","","","","","","","Yes"
"Albert","Morrison","","Modeler","","","","","","",100,0,"No","","","","","","","","Yes"
"Tom","Allan","","Database Programmer","","","","","","",100,0,"No","","","","","","","","Yes"
"Rufus","Fleming","","Database Programmer","","","","","","",100,0,"No","","","","","","","","Yes"
"Mary","Hill","","Database Programmer","","","","","","",100,0,"No","","","","","","","","Yes"
"Lucy","Cairns","","Database Programmer","","","","","","",100,0,"No","","","","","","","","Yes"
"Lillie","Cowan","","Database Programmer","","","","","","",90,100,"No","","","","","","","","Yes"
"Lee","Mclean","","Database Programmer","","","","","","",100,0,"No","","","","","","","","Yes"
"Katie","Lawson","","Database Programmer","","","","","","",100,0,"No","","","","","","","","Yes"
"Josephine","Donnelly","","Database Programmer","","","","","","",100,100,"No","","","","","","","","Yes"
"Jim","Marshall","","Database Programmer","","","","","","",100,0,"No","","","","","","","","Yes"
"Jessie","Johnson","","Database Programmer","","","","","","",100,0,"No","","","","","","","","Yes"
"Hugh","Muir","","Database Programmer","","","","","","",100,0,"No","","","","","","","","Yes"
"Howard","Black","","Database Programmer","","","","","","",100,0,"No","","","","","","","","Yes"
"Floyd","Ritchie","","Database Programmer","","","","","","88998",100,0,"No","","","","","","","","Yes"
"Elmer","Grant","","Database Programmer","","","","","","",100,0,"No","","","","","","","","Yes"
"Effie","Mcgowan","","Database Programmer","","","","","","",100,0,"No","","","","","","","","Yes"
"Chester","Thompson","","Database Programmer","","","","","","",100,0,"No","","","","","","","","Yes"
"Charlotte","Sneddon","","Database Programmer","","","","","","",100,0,"No","","","","","","","","Yes"
"Caroline","Welsh","","Database Programmer","","","","","","",55,0,"No","","","","","","","","Yes"
"Belle","Parker","","Database Programmer","","","","","","",100,0,"No","","","","","","","","Yes"
"Will","Cameron","","Simulation Programmer","","","","","","",100,0,"No","","","","","","","","Yes"
"Thomas","Anderson","","Simulation Programmer","","","","","","",100,0,"No","","","","","","","","Yes"
"Richard","Paterson","","Simulation Programmer","","","","","","",100,0,"No","","","","","","","","Yes"
"Raymond","Mcgregor","","Simulation Programmer","","","","","","",100,0,"No","","","","","","","","Yes"
"Peter","Gray","","Simulation Programmer","","","","","","",100,0,"No","","","","","","","","Yes"
"Lillian","Lee","","Simulation Programmer","","","","","","",100,0,"No","","","","","","","","Yes"
"Jerry","Forbes","","Simulation Programmer","","","","","","",100,0,"No","","","","","","","","Yes"
"Isaac","Craig","","Simulation Programmer","","","","","","",100,0,"No","","","","","","","","Yes"
"Horace","Douglas","","Simulation Programmer","","","","","","",100,0,"No","","","","","","","","Yes"
"Homer","Munro","","Simulation Programmer","","","","","","",100,0,"No","","","","","","","","Yes"
"Helen","Blair","","Simulation Programmer","","","","","","",100,0,"No","","","","","","","","Yes"
"George","Thomson","","Simulation Programmer","","","","","","",100,0,"No","","","","","","","","Yes"
"Frederick","Johnston","","Simulation Programmer","","","","","","",100,0,"No","","","","","","","","Yes"
"Ernest","Martin","","Simulation Programmer","","","","","","",100,0,"No","","","","","","","","Yes"
"Elsie","Stephen","","Simulation Programmer","","","","","","",100,0,"No","","","","","","","","Yes"
"Edgar","White","","Simulation Programmer","","","","","","",100,0,"No","","","","","","","","Yes"
"Daisy","Roberts","","Simulation Programmer","","","","","","",100,0,"No","","","","","","","","Yes"
"Clara","Mcleod","","Simulation Programmer","","","","","","",100,0,"No","","","","","","","","Yes"
"Amelia","Hogg","","Simulation Programmer","","","","","","",100,0,"No","","","","","","","","Yes"
"Rebecca","Murdoch","","Trial Medical Lead","","","","","","",100,0,"No","","","","","","","","Yes"
"Nannie","Mcguire","","Trial Medical Lead","","","","","","",100,0,"No","","","","","","","","Yes"
"Maud","Maxwell","","Trial Medical Lead","","","","","","",100,0,"No","","","","","","","","Yes"
"Mattie","Paton","","Trial Medical Lead","","","","","","",100,0,"No","","","","","","","","Yes"
"Mamie","Drummond","","Trial Medical Lead","","","","","","",100,0,"No","","","","","","","","Yes"
"Leo","Whyte","","Trial Medical Lead","","","","","","",100,0,"No","","","","","","","","Yes"
"Joseph","Campbell","","Trial Medical Lead","","","","","","",100,0,"No","","","","","","","","Yes"
"Jason","Bourne","","Trial Medical Lead","","","","","","",100,0,"No","","","","","","","","Yes"
"Jack","Johnstone","","Trial Medical Lead","","","","","","",100,0,"No","","","","","","","","Yes"
"Ira","Mcmillan","","Trial Medical Lead","","","","","","",100,0,"No","","","","","","","","Yes"
"Ida","Lindsay","","Trial Medical Lead","","","","","","",100,0,"No","","","","","","","","Yes"
"Frank","Robertson","","Trial Medical Lead","","","","","","",100,0,"No","","","","","","","","Yes"
"Ed","Hughes","","Trial Medical Lead","","","","","","",100,0,"No","","","","","","","","Yes"
"Dan","Armstrong","","Trial Medical Lead","","","","","","",100,0,"No","","","","","","","","Yes"
"Cora","Green","","Trial Medical Lead","","","","","","",100,0,"No","","","","","","","","Yes"
"Clarence","Fraser","","Trial Medical Lead","","","","","","",100,0,"No","","","","","","","","Yes"
"Ben","Stevenson","","Trial Medical Lead","","","","","","",100,0,"No","","","","","","","","Yes"
"Amanda","Turnbull","","Trial Medical Lead","","","","","","",100,0,"No","","","","","","","","Yes"
"Alexander","Crawford","","Trial Medical Lead","","","","","","",100,0,"No","","","","","","","","No"
"Stephen","Millar","","Medical Director","","","","","","",100,0,"No","","","","","","","","Yes"
"Sam","Hunter","","Medical Director","","","","","","",100,0,"No","","","","","","","","Yes"
"Oliver","Mcintosh","","Medical Director","","","","","","",100,0,"No","","","","","","","","Yes"
"Martha","Robinson","","Medical Director","","","","","","",100,0,"No","","","","","","","","Yes"
"Maggie","Chalmers","","Medical Director","","","","","","",100,0,"No","","","","","","","","Yes"
"Louise","Turner","","Medical Director","","","","","","",100,0,"No","","","","","","","","Yes"
"Lena","Logan","","Medical Director","","","","","","",100,0,"No","","","","","","","","Yes"
"Guy","Cunningham","","Medical Director","","","","","","",100,0,"No","","","","","","","","Yes"
"Ethel","Bain","","Medical Director","","","","","","",100,0,"No","","","","","","","","No"
"Emma","Quinn","","Medical Director","","","","","","",100,0,"No","","","","","","","","No"
"Edwin","Murphy","","Medical Director","","","","","","",100,0,"No","","","","","","","","No"
"Earl","Jones","","Medical Director","","","","","","",100,0,"No","","","","","","","","No"
"Clyde","Williams","","Medical Director","","","","","","",100,0,"No","","","","","","","","No"
"Charles","Stewart","","Medical Director","","","","","","",100,0,"No","","","","","","","","No"
"Annie","Duffy","","Medical Director","","","","","","",100,0,"No","","","","","","","","No"
"Alice","Boyd","","Medical Director","","","","","","",100,0,"No","","","","","","","","No"
"Agnes","Gallacher","","Medical Director","","","","","","",100,0,"No","","","","","","","","No"
"Addie","Mcallister","","Medical Director","","","","","","",100,0,"No","","","","","","","","No"
"Viola","Strachan","","Clinical Trial Manager","","","","","","",100,0,"No","","","","","","","","Yes"
"Theodore","Williamson","","Clinical Trial Manager","","","","","","",100,0,"No","","","","","","","","Yes"
"Samuel","Walker","","Clinical Trial Manager","","","","","","",100,0,"No","","","","","","","","Yes"
"Rose","Gallagher","","Clinical Trial Manager","","","","","","",100,0,"No","","","","","","","","Yes"
"Nettie","Kane","","Clinical Trial Manager","","","","","","",100,0,"No","","","","","","","","Yes"
"Mollie","Lynch","","Clinical Trial Manager","","","","","","",100,0,"No","","","","","","","","Yes"
"Margaret","Hall","","Clinical Trial Manager","","","","","","",100,0,"No","","","","","","","","Yes"
"Lula","Baird","","Clinical Trial Manager","","","","","","",100,0,"No","","","","","","","","Yes"
"Henry","Murray","","Clinical Trial Manager","","","","","","",100,0,"No","","","","","","","","Yes"
"Gertrude","Mccallum","","Clinical Trial Manager","","","","","","",100,0,"No","","","","","","","","Yes"
"Florence","Rae","","Clinical Trial Manager","","","","","","",100,0,"No","","","","","","","","Yes"
"David","Ross","","Clinical Trial Manager","","","","","","",100,0,"No","","","","","","","","Yes"
"Catherine","Hutchison","","Clinical Trial Manager","","","","","","",100,0,"No","","","","","","","","Yes"
"Calvin","Mcintyre","","Clinical Trial Manager","","","","","","",100,0,"No","","","","","","","","Yes"
"Bernard","Christie","","Clinical Trial Manager","","","","","","",100,0,"No","","","","","","","","Yes"
"Benjamin","Duncan","","Clinical Trial Manager","","","","","","",100,0,"No","","","","","","","","Yes"
"Archie","Boyle","","Clinical Trial Manager","","","","","","",100,0,"No","","","","","","","","Yes"
"Anna","Currie","","Clinical Trial Manager","","","","","","",100,0,"No","","","","","","","","Yes"
"Andrew","Miller","","Clinical Trial Manager","","","","","","",100,0,"No","","","","","","","","Yes"
"Sallie","Barclay","","Clinical Research Associate","","","","","","",100,0,"No","","","","","","","","Yes"
"Sadie","Mccann","","Clinical Research Associate","","","","","","",100,0,"No","","","","","","","","Yes"
"Ruth","Moffat","","Clinical Research Associate","","","","","","",100,0,"No","","","","","","","","Yes"
"Rosa","Dunn","","Clinical Research Associate","","","","","","",100,0,"No","","","","","","","","Yes"
"Robert","Macdonald","","Clinical Research Associate","","","","","","",100,0,"No","","","","","","","","Yes"
"Ralph","Sutherland","","Clinical Research Associate","","","","","","",100,0,"No","","","","","","","","Yes"
"Pearl","Harris","","Clinical Research Associate","","","","","","",100,0,"No","","","","","","","","Yes"
"Paul","Milne","","Clinical Research Associate","","","","","","",100,0,"No","","","","","","","","Yes"
"Oscar","Hamilton","","Clinical Research Associate","","","","","","",100,0,"No","","","","","","","","Yes"
"Martin","Mackay","","Clinical Research Associate","","","","","","",100,0,"No","","","","","","","","Yes"
"Marion","Dickson","","Clinical Research Associate","","","","","","",100,0,"No","","","","","","","","Yes"
"Marie","Nelson","","Clinical Research Associate","","","","","","",100,0,"No","","","","","","","","Yes"
"Mae","Harrison","","Clinical Research Associate","","","","","","",100,0,"No","","","","","","","","Yes"
"Lewis","Davidson","","Clinical Research Associate","","","","","","",100,0,"No","","","","","","","","Yes"
"Laura","Davies","","Clinical Research Associate","","","","","","",100,0,"No","","","","","","","","Yes"
"James","Wilson","","Clinical Research Associate","","","","","","",100,1,"No","","","","","","","","Yes"
"Jacob","Kelly","","Clinical Research Associate","","","","","","",100,0,"No","","","","","","","","Yes"
"Herman","Gibson","","Clinical Research Associate","","","","","","",100,0,"No","","","","","","","","Yes"
"Harvey","Wallace","","Clinical Research Associate","","","","","","",100,0,"No","","","","","","","","Yes"
"Harry","Scott","","Clinical Research Associate","","","","","","",100,0,"No","","","","","","","","Yes"
"Eugene","Russell","","Clinical Research Associate","","","","","","",100,0,"No","","","","","","","","Yes"
"Ellen","Sharp","","Clinical Research Associate","","","","","","",100,0,"No","","","","","","","","Yes"
"Ella","Ward","","Clinical Research Associate","","","","","","",100,0,"No","","","","","","","","Yes"
"Dora","Innes","","Clinical Research Associate","","","","","","",100,0,"No","","","","","","","","Yes"
"Charlie","Mitchell","","Clinical Research Associate","","","","","","",100,0,"No","","","","","","","","Yes"
"x","Ramsay","","Clinical Research Associate","","","","1234","","",100,0,"No","","","","","","","","Yes"
"Bert","Mackenzie","","Clinical Research Associate","","","","","","",50,0,"No","","","","","","","","Yes"
"August","Mckay","","Clinical Research Associate","","","","","","",100,0,"No","","","","","","","","Yes"
"Arthur","Clark","","Clinical Research Associate","","","","","","",50,0,"No","","","","","","","","Yes"
"Janine","Doe","","Data Manager","","","","","","",,0,"Yes","","","","","","","","Yes"
"New","Person","","Data Manager","","","","","","",100,0,"Yes","","","","","","","","Yes"
"Jane","Doe2","","Data Manager","","","","","","",50,0,"Yes","","","","","","","","Yes"
"FirstNew","LastNew","","Data Manager","NA","","","123456","9876","567",100,0,"No","","","","","","","","No"
"Andy","Grubb","","Consultant","US","South","","87654","987","345",80,0,"Yes","","","","","","","","Yes"
"Tia","Platt","","Medical Writer","","","Tia@test.com","1234","abcd","",125,0,"No","","","","","","","Tester","Yes"
"Modeler","One","","Modeler","","","","","","",,0,"No","FTE","Current","","","","","","Yes"
"Modeler","Two","","Modeler","","","","","","",,0,"Yes","Contingent Worker","Open","","","","","","Yes"
"Modeler","Three","","Modeler","","","","","","",,0,"Yes","FSP","Pending","","","","","","Yes"
"Sam","Glass","","Modeler","","","","","","",,0,"Yes","","","","","","","","Yes"
"Will","Isochertys","","Data Manager","","","wd@test.com","12345","258","",56,0,"No","","","2","","","","","Yes"
"Medical Director","II","VP","Clinical Trial Manager","","","","","","",,0,"Yes","","","","","","","","Yes"
"Della","Barr","","Consultant","","","","","","",50,0,"Yes","","","","","","","","Yes"
"Willis","Docherty","","Trial Medical Lead","USA","SW","wd2@test.com","12345","258","",50,0,"No","Contractor","","2","","","","","Yes"
"Walter","Reider","","Data Manager","","","","","","",,0,"No","","","","","","","","No"
"Walter","Reider","","Consultant","","","","","","",,0,"No","","","","","","","","Yes"
"Walter","Reider","","Modeler","","","","","","",,0,"No","","","","","","","","No"
"Walter","Reider","","Clinical Research Associate","","","","","","",,0,"No","","","","","","","","No"
"Employee 01","Employ 02","Test Employ","Data Manager","XYZ","XYZ","test@gmail.com","12","23","34",2,234,"Yes","Type1","XYZ","1234","02","03","04","05","Yes"
"QA","Tester","","Data Manager","","","","","","",,,"Yes","","","","","","","","Yes"